{
  "benchmark_510300_full": {
    "annual_return": 0.02597649141112135,
    "annual_volatility": 0.16857351484277827,
    "days": 1326,
    "max_drawdown": -0.30216656893680527,
    "sharpe_ratio": 0.15409592328515292,
    "total_return": 0.14446888352000253
  },
  "end": "2026-06-27",
  "limitations": [
    "universe_mode=expanded; expanded pool uses fhps dividend-yield filter, not full A-share",
    "fhps table uses latest available report table, not fully point-in-time report selection",
    "proxy uses 510300 calendar + per-symbol ffill; monthly panel filters symbols with price history at as_of",
    "evidence gate only; not promotion-ready without PIT fhps and live data validation"
  ],
  "panel_diagnostics": {
    "avg_active_symbols_per_month": 59.121212121212125,
    "errors": {},
    "min_active_symbols_per_month": 57,
    "month_count": 66,
    "row_count": 3968,
    "sector_map_size": 5609,
    "symbols": [
      "600256",
      "000937",
      "002582",
      "603565",
      "600566",
      "603519",
      "000672",
      "601666",
      "002327",
      "600546",
      "603886",
      "002271",
      "300616",
      "002088",
      "601886",
      "002572",
      "600067",
      "601919",
      "601717",
      "600295",
      "000915",
      "601168",
      "601101",
      "300737",
      "002884",
      "603303",
      "600985",
      "002563",
      "600096",
      "000683",
      "603801",
      "002233",
      "603897",
      "601088",
      "601225",
      "600894",
      "603156",
      "001299",
      "601001",
      "301003",
      "603816",
      "600008",
      "600866",
      "600023",
      "002998",
      "601339",
      "603948",
      "002014",
      "600582",
      "600863",
      "002895",
      "603551",
      "002228",
      "600642",
      "603515",
      "600007",
      "301362",
      "603889",
      "600970",
      "603317",
      "510300"
    ],
    "universe_mode": "expanded"
  },
  "periods": {
    "2021_2022": {
      "benchmark_510300": {
        "annual_return": -0.08528141105243736,
        "days": 485,
        "max_drawdown": -0.2462645652287222,
        "total_return": -0.1576476164799986
      },
      "dividend_quality": {
        "annual_return": 0.11058098175110631,
        "days": 485,
        "max_drawdown": -0.240653061450382,
        "total_return": 0.2236750954999982
      }
    },
    "2023_2026": {
      "benchmark_510300": {
        "annual_return": 0.09618933200320923,
        "days": 841,
        "max_drawdown": -0.23721642501151674,
        "total_return": 0.35865809358492307
      },
      "dividend_quality": {
        "annual_return": 0.14871547298134757,
        "days": 841,
        "max_drawdown": -0.28763375182553974,
        "total_return": 0.5883535387764149
      }
    },
    "full": {
      "benchmark_510300": {
        "annual_return": 0.02597649141112135,
        "days": 1326,
        "max_drawdown": -0.30216656893680527,
        "total_return": 0.14446888352000253
      },
      "dividend_quality": {
        "annual_return": 0.13461778215308695,
        "days": 1326,
        "max_drawdown": -0.28763375182553974,
        "total_return": 0.9436286682499937
      }
    }
  },
  "profile": "cn_dividend_quality_snapshot",
  "start": "2021-01-01",
  "strategy_full": {
    "annual_return": 0.13461778215308695,
    "annual_volatility": 0.2179963443699826,
    "days": 1326,
    "max_drawdown": -0.28763375182553974,
    "sharpe_ratio": 0.6175231173813361,
    "total_return": 0.9436286682499937
  },
  "universe": [
    "600256",
    "000937",
    "002582",
    "603565",
    "600566",
    "603519",
    "000672",
    "601666",
    "002327",
    "600546",
    "603886",
    "002271",
    "300616",
    "002088",
    "601886",
    "002572",
    "600067",
    "601919",
    "601717",
    "600295",
    "000915",
    "601168",
    "601101",
    "300737",
    "002884",
    "603303",
    "600985",
    "002563",
    "600096",
    "000683",
    "603801",
    "002233",
    "603897",
    "601088",
    "601225",
    "600894",
    "603156",
    "001299",
    "601001",
    "301003",
    "603816",
    "600008",
    "600866",
    "600023",
    "002998",
    "601339",
    "603948",
    "002014",
    "600582",
    "600863",
    "002895",
    "603551",
    "002228",
    "600642",
    "603515",
    "600007",
    "301362",
    "603889",
    "600970",
    "603317",
    "510300"
  ],
  "universe_mode": "expanded"
}
